{
  "name": "MongoDB",
  "id": "grafana-mongodb-datasource",
  "type": "datasource",

  "partials": {
    "config": "public/app/plugins/datasource/simplejson/partials/config.html"
  },

  "metrics": true,
  "annotations": false,

  "info": {
    "description": "MongoDB datasource",
    "author": {
      "name": "James Osgood"
    },
    "logos": {
      "small": "img/MongoDB_Gray_Logo_FullColor_RGB-01.jpg",
      "large": "img/MongoDB_Gray_Logo_FullColor_RGB-01.jpg"
    },
    "links": [
      {"name": "GitHub", "url": "https://github.com/grafana/simple-json-datasource"},
      {"name": "MIT License", "url": "https://github.com/grafana/simple-json-datasource/blob/master/LICENSE"}
    ],
    "version": "0.8.1",
    "updated": "2018-08-14"
  },

  "dependencies": {
    "grafanaVersion": "3.x.x",
    "plugins": [ ]
  }
}
