{
  "__inputs": [
    {
      "name": "DS_RPI_- ATLAS",
      "label": "RPI - Atlas",
      "description": "",
      "type": "datasource",
      "pluginId": "grafana-mongodb-datasource",
      "pluginName": "MongoDB"
    }
  ],
  "__requires": [
    {
      "type": "grafana",
      "id": "grafana",
      "name": "Grafana",
      "version": "5.1.3"
    },
    {
      "type": "datasource",
      "id": "grafana-mongodb-datasource",
      "name": "MongoDB",
      "version": "1.3.5"
    },
    {
      "type": "panel",
      "id": "table",
      "name": "Table",
      "version": "5.0.0"
    }
  ],
  "annotations": {
    "list": [
      {
        "builtIn": 1,
        "datasource": "-- Grafana --",
        "enable": true,
        "hide": true,
        "iconColor": "rgba(0, 211, 255, 1)",
        "name": "Annotations & Alerts",
        "type": "dashboard"
      }
    ]
  },
  "editable": true,
  "gnetId": null,
  "graphTooltip": 0,
  "id": null,
  "links": [],
  "panels": [
    {
      "columns": [],
      "datasource": "${DS_RPI_- ATLAS}",
      "fontSize": "100%",
      "gridPos": {
        "h": 13,
        "w": 18,
        "x": 0,
        "y": 0
      },
      "id": 2,
      "links": [],
      "pageSize": null,
      "scroll": true,
      "showHeader": true,
      "sort": {
        "col": 0,
        "desc": true
      },
      "styles": [
        {
          "alias": "",
          "colorMode": null,
          "colors": [
            "rgba(245, 54, 54, 0.9)",
            "rgba(237, 129, 40, 0.89)",
            "rgba(50, 172, 45, 0.97)"
          ],
          "dateFormat": "YYYY-MM-DD HH:mm:ss",
          "decimals": 0,
          "mappingType": 1,
          "pattern": "Value",
          "thresholds": [],
          "type": "number",
          "unit": "none"
        },
        {
          "alias": "",
          "colorMode": null,
          "colors": [
            "rgba(245, 54, 54, 0.9)",
            "rgba(237, 129, 40, 0.89)",
            "rgba(50, 172, 45, 0.97)"
          ],
          "dateFormat": "YYYY-MM-DD HH:mm:ss",
          "decimals": 2,
          "mappingType": 1,
          "pattern": "Time",
          "thresholds": [],
          "type": "date",
          "unit": "short"
        },
        {
          "alias": "",
          "colorMode": null,
          "colors": [
            "rgba(245, 54, 54, 0.9)",
            "rgba(237, 129, 40, 0.89)",
            "rgba(50, 172, 45, 0.97)"
          ],
          "decimals": 2,
          "pattern": "/.*/",
          "thresholds": [],
          "type": "number",
          "unit": "short"
        }
      ],
      "targets": [
        {
          "groupByAliases": [],
          "groupByColumns": [],
          "metricAggs": [
            {
              "column": "value",
              "type": "avg"
            }
          ],
          "rawQuery": true,
          "refId": "A",
          "resultFormat": "time_series",
          "target": "db.sensor_value.aggregate(\n[\n    {  \"$match\" :  {  \"ts\" : { \"$gte\" : \"$from\", \"$lt\" : \"$to\"  }}},\n    {  \"$group\":    {  \"_id\":  { \"sensor_name\" : \"$sensor_name\",  \"sensor_type\" : \"$sensor_type\"  }, \"cnt\" : { \"$sum\" : 1 },  \"ts\" : { \"$max\" : \"$ts\" }  } }, \n    { \"$project\": {  \"name\" : { \"$concat\" : [\"$_id.sensor_name\",\":\",\"$_id.sensor_type\" ]},  \"value\" : \"$cnt\",  \"ts\" : 1, \"_id\" : 0} } \n])",
          "timeInterval": "auto_gf",
          "type": "timeserie",
          "whereClauses": []
        }
      ],
      "title": "Counts",
      "transform": "timeseries_to_rows",
      "type": "table"
    }
  ],
  "refresh": "5s",
  "schemaVersion": 16,
  "style": "dark",
  "tags": [],
  "templating": {
    "list": []
  },
  "time": {
    "from": "now/d",
    "to": "now"
  },
  "timepicker": {
    "refresh_intervals": [
      "5s",
      "10s",
      "30s",
      "1m",
      "5m",
      "15m",
      "30m",
      "1h",
      "2h",
      "1d"
    ],
    "time_options": [
      "5m",
      "15m",
      "1h",
      "6h",
      "12h",
      "24h",
      "2d",
      "7d",
      "30d"
    ]
  },
  "timezone": "",
  "title": "Sensor Value Counts",
  "uid": "9A9EQ3Omk",
  "version": 4
}